{
    "xgboost_accuracy": 0.9995708256836985,
    "lightgbm_accuracy": 0.9998172035319457,
    "stacked_model_accuracy": 0.9988157967939089
}